Metric,Value
Previous 2 Years Avg,5.084090287277701
Current Year Avg,4.329999999999998
