Wallet,Returns
19325.190000000002,-673.3099999999997
