Wallet,Returns
4.69999999954598,15965.100000000002
