Sharpe Ratio,Today's Returns,Total Returns
0.028958469365802198,15965.100000000002,36497.65500000001
