Sharpe Ratio,Today's Returns,Total Returns
0,-673.3099999999997,-673.3099999999997
